epoch,loss
1,0.5912497639656067
2,0.5623941421508789
3,0.603800356388092
4,0.5803930759429932
5,0.6066901683807373
6,0.5754075646400452
7,0.5371719002723694
8,0.5388967394828796
9,0.5331526398658752
10,0.6061977744102478
11,0.4415266811847687
12,0.503555178642273
13,0.4840926229953766
14,0.48138904571533203
15,0.46142929792404175
